기업명,사건번호,신청일,법원,업종,뉴스건수,수집일시
"주식회사 케이아이엔티","2026회합5004",2026-03-31,"광주회생법원","",0,2026-05-03
"주식회사 마루종합식품","2026회합114",2026-03-31,"대구회생법원","",0,2026-05-03
"주식회사 나노엔지니어링","2026회합103",2026-03-31,"대구회생법원","",9,2026-05-03
"의료법인 은혜의료재단","2025회합5023",2026-03-31,"대전회생법원","",0,2026-05-03
"주식회사 지앤종합건설","2025회합1045",2026-03-31,"부산회생법원","",0,2026-05-03
"갤러리360 주식회사","2025간회합188",2026-03-31,"서울회생법원","",0,2026-05-03
"주식회사 오오엘프로젝트","2025간회합261",2026-03-31,"서울회생법원","",0,2026-05-03
"덕신건업 주식회사","2025회합342",2026-03-31,"서울회생법원","",0,2026-05-03
"주식회사 디씨티네트웍스","2025간회합257",2026-03-31,"서울회생법원","",0,2026-05-03
"주식회사 온꿈사","2026회합1042",2026-03-31,"서울회생법원","",0,2026-05-03
"신한종합건설 주식회사","2025회합224",2026-03-31,"서울회생법원","",11,2026-05-03
"농업회사법인 주식회사 참연푸드웰","2025간회합143",2026-03-31,"수원회생법원","",0,2026-05-03
"주식회사 호양전설","2026간회합130",2026-03-31,"수원회생법원","",0,2026-05-03
"주식회사 제일훼밀리","2025간회합217",2026-03-31,"수원회생법원","",0,2026-05-03
"농업회사법인 셰프갈릭 주식회사","2026간회합103",2026-03-31,"수원회생법원","",0,2026-05-03
"주식회사 제일에프앤씨","2025회합1000",2026-03-31,"의정부지방법원","",0,2026-05-03
"주식회사 신신","2026간회합101",2026-03-31,"제주지방법원","",6,2026-05-03
"농업회사법인 별농 주식회사","2026간회합5012",2026-03-30,"광주회생법원","",0,2026-05-03
"주식회사 디에스에스","2026회합121",2026-03-30,"대구회생법원","",0,2026-05-03
"주식회사 서재홍","2026간회합1009",2026-03-30,"대구회생법원","",0,2026-05-03
"주식회사 코시노인터네셔널","2025회합5018",2026-03-30,"대전회생법원","",0,2026-05-03
"농업회사법인 비에스푸드 주식회사","2025회합5005",2026-03-30,"대전회생법원","",0,2026-05-03
"주식회사 기산산업","2025회합1061",2026-03-30,"부산회생법원","",6,2026-05-03
"주식회사 아이테크","2025간회합1045",2026-03-30,"부산회생법원","",0,2026-05-03
"주식회사 씨에스산업전기","2025회합1005",2026-03-30,"부산회생법원","",8,2026-05-03
"주식회사 유틸렉스","2026회합1034",2026-03-30,"서울회생법원","",5,2026-05-03
"주식회사 트리","2026회합1053",2026-03-30,"서울회생법원","",19,2026-05-03
"주식회사 피앤제이인베스트먼트홀딩스","2025회합247",2026-03-30,"서울회생법원","",0,2026-05-03
"주식회사 키스톤디앤씨","2025회합225",2026-03-30,"서울회생법원","",0,2026-05-03
"동우건설 주식회사","2025회합266",2026-03-30,"서울회생법원","",2,2026-05-03
"주식회사 돋움","2025간회합297",2026-03-30,"서울회생법원","",1,2026-05-03
"주식회사 만하임","2025간회합259",2026-03-30,"서울회생법원","",0,2026-05-03
"위너스자산운용 주식회사","2025간회합236",2026-03-30,"서울회생법원","",2,2026-05-03
"주식회사 봉영","2025회합280",2026-03-30,"서울회생법원","",0,2026-05-03
"주식회사 지엔비","2026회합141",2026-03-30,"수원회생법원","",0,2026-05-03
"주식회사 웅진씨케이축산","2026간회합116",2026-03-30,"수원회생법원","",0,2026-05-03
"영농조합법인 금토디벨롭","2025회합183",2026-03-30,"수원회생법원","",0,2026-05-03
"미르호 주식회사","2026간회합127",2026-03-30,"수원회생법원","",0,2026-05-03
"주식회사 나옴","2026간회합124",2026-03-30,"수원회생법원","",2,2026-05-03
"주식회사 지원이앤에스","2026회합142",2026-03-30,"수원회생법원","",0,2026-05-03
"주식회사 지원피앤아이","2026회합143",2026-03-30,"수원회생법원","",0,2026-05-03
"주식회사 덕천건설","2025회합113",2026-03-30,"수원회생법원","",0,2026-05-03
"주식회사 피엠피티","2025회합13",2026-03-30,"인천지방법원","",0,2026-05-03
"농업회사법인 주식회사 강화드림","2025회합11",2026-03-30,"인천지방법원","",0,2026-05-03
"주식회사 심코","2025회합14",2026-03-30,"인천지방법원","",0,2026-05-03
"주식회사 에스비티엔텍","2026간회합500",2026-03-30,"춘천지방법원","",0,2026-05-03
"일신2호태양광발전소 주식회사","2025간회합5011",2026-03-27,"광주회생법원","",0,2026-05-03
"영창중공업 주식회사","2026회합5015",2026-03-27,"광주회생법원","",2,2026-05-03
"우신종합건설 주식회사","2026회합5011",2026-03-27,"광주회생법원","",2,2026-05-03
"주식회사 마탐","2026간회합5011",2026-03-27,"광주회생법원","",0,2026-05-03
"주식회사 아이리스테크","2025회합109",2026-03-27,"대구회생법원","",0,2026-05-03
"흥진건설 주식회사","2025회합5039",2026-03-27,"대전회생법원","",0,2026-05-03
"주식회사 가인네트웍스","2025간회합1016",2026-03-27,"대전회생법원","",0,2026-05-03
"주식회사 대저페리","2025회합1004",2026-03-27,"부산회생법원","",0,2026-05-03
"의료법인 동과의료재단","2025회합1053",2026-03-27,"부산회생법원","",4,2026-05-03
"주식회사 하나엘앤티","2025간회합1048",2026-03-27,"부산회생법원","",0,2026-05-03
"주식회사 닥터봄","2026회합1051",2026-03-27,"서울회생법원","",0,2026-05-03
"주식회사 레인지엑스","2026회합1052",2026-03-27,"서울회생법원","",0,2026-05-03
"주식회사 퓨어네이처","2026간회합5047",2026-03-27,"서울회생법원","",0,2026-05-03
"동성제약 주식회사","2025회합178",2026-03-27,"서울회생법원","기타",24,2026-05-03
"대광피앤씨 주식회사","2026간회합5046",2026-03-27,"서울회생법원","",0,2026-05-03
"주식회사 디자인엔","2025간회합274",2026-03-27,"서울회생법원","",1,2026-05-03
"주식회사 아쿠아픽","2025회합311",2026-03-27,"서울회생법원","",0,2026-05-03
"파인원 주식회사","2025회합286",2026-03-27,"서울회생법원","기타",0,2026-05-03
"유아예술놀이연구소 주식회사","2025회합338",2026-03-27,"서울회생법원","",1,2026-05-03
"해유건설 주식회사","2025회합330",2026-03-27,"서울회생법원","",0,2026-05-03
"주식회사 위드플렌","2026회합1032",2026-03-27,"서울회생법원","",0,2026-05-03
"주식회사 프롬더레드","2025간회합220",2026-03-27,"서울회생법원","",0,2026-05-03
"주식회사 영동레미콘","2026회합1040",2026-03-27,"서울회생법원","",1,2026-05-03
"주식회사 이에이치미트","2026간회합5044",2026-03-27,"서울회생법원","",0,2026-05-03
"주식회사 대각","2025회합308",2026-03-27,"서울회생법원","",0,2026-05-03
"주식회사 삼기엔텍","2025회합218",2026-03-27,"수원회생법원","",0,2026-05-03
"주식회사 굿베이크아이엔","2025회합180",2026-03-27,"수원회생법원","",0,2026-05-03
"주식회사 새한테크","2026회합140",2026-03-27,"수원회생법원","",1,2026-05-03
"주식회사 풍원정공","2026회합120",2026-03-27,"수원회생법원","",0,2026-05-03
"주식회사 삼영특수인쇄","2026회합138",2026-03-27,"수원회생법원","",0,2026-05-03
"윈도어 주식회사","2025회합174",2026-03-27,"수원회생법원","",0,2026-05-03
"주식회사 포톤","2026회합137",2026-03-27,"수원회생법원","",0,2026-05-03
"농업회사법인 주식회사 지엔팩토리","2025간회합216",2026-03-27,"수원회생법원","",0,2026-05-03
"주식회사 신성메이저글러브","2025회합1",2026-03-26,"광주회생법원","",0,2026-05-03
"농업회사법인 주식회사 여수자원순환농업센터","2025회합5006",2026-03-26,"광주회생법원","",0,2026-05-03
"신원합섬 주식회사","2026회합105",2026-03-26,"대구회생법원","",0,2026-05-03
"제원화섬 주식회사","2026회합106",2026-03-26,"대구회생법원","",0,2026-05-03
"주식회사 스튜디오와","2026회합1021",2026-03-26,"서울회생법원","",15,2026-05-03
"주식회사 하이버","2026회합1026",2026-03-26,"서울회생법원","",0,2026-05-03
"주식회사 나인","2025회합207",2026-03-26,"서울회생법원","",8,2026-05-03
"주식회사 경기무역공사","2025간회합123",2026-03-26,"서울회생법원","",14,2026-05-03
"주식회사 펫박스","2026간회합5034",2026-03-26,"서울회생법원","",0,2026-05-03
"주식회사 써모랩코리아","2026회합139",2026-03-26,"수원회생법원","",0,2026-05-03
"제일화학 주식회사","2026회합131",2026-03-26,"수원회생법원","",6,2026-05-03
"세아에스티엑스엔테크 주식회사","2026회합108",2026-03-26,"수원회생법원","",0,2026-05-03
"주식회사 우진강업","2026간회합129",2026-03-26,"수원회생법원","",0,2026-05-03
"주식회사 제너러스유통","2025간회합158",2026-03-26,"수원회생법원","",0,2026-05-03
"지승종합건설 주식회사","2026간회합1002",2026-03-26,"전주지방법원","",0,2026-05-03
"청우중공업 주식회사","2025회합10006",2026-03-26,"창원지방법원","",0,2026-05-03
"주식회사 바이오사료연구소","2025간회합3005",2026-03-26,"청주지방법원","",0,2026-05-03
"주식회사 대진기계","2025회합152",2026-03-25,"대구회생법원","",2,2026-05-03
"주식회사 모산","2026간회합1007",2026-03-25,"대전회생법원","",0,2026-05-03
"주식회사 보람씨앤에치","2025회합5030",2026-03-25,"대전회생법원","",0,2026-05-03
"삼인 농업회사법인 주식회사","2026간회합1006",2026-03-25,"대전회생법원","",0,2026-05-03
"주식회사 보성닷컴","2026간회합5038",2026-03-25,"서울회생법원","",0,2026-05-03
"주식회사 어반유니온","2026회합1010",2026-03-25,"서울회생법원","",0,2026-05-03
"주식회사 천연목재","2026회합1050",2026-03-25,"서울회생법원","",0,2026-05-03
"주식회사 서남아이에스","2025회합320",2026-03-25,"서울회생법원","",1,2026-05-03
"주식회사 케이앤씨가람","2026간회합5036",2026-03-25,"서울회생법원","",0,2026-05-03
"주식회사 유진케임텍","2026회합1033",2026-03-25,"서울회생법원","",0,2026-05-03
"주식회사 라임컴퍼니","2026간회합5028",2026-03-25,"서울회생법원","",4,2026-05-03
"주식회사 차지인","2025회합319",2026-03-25,"서울회생법원","",0,2026-05-03
"주식회사 씨엘산업개발","2026간회합112",2026-03-25,"수원회생법원","",1,2026-05-03
"주식회사 씨엘디앤씨","2026간회합114",2026-03-25,"수원회생법원","",0,2026-05-03
"동화텍 주식회사","2025회합232",2026-03-25,"수원회생법원","",0,2026-05-03
"주식회사 투윈상사","2026간회합503",2026-03-25,"의정부지방법원","",0,2026-05-03
"에스지산업주식회사","2025간회합505",2026-03-25,"춘천지방법원","",0,2026-05-03
"주식회사 이서에너지","2026회합5014",2026-03-24,"광주회생법원","",1,2026-05-03
"농업회사법인 주식회사 자연농산","2026간회합5003",2026-03-24,"광주회생법원","",2,2026-05-03
"정안철강 주식회사","2025회합150",2026-03-24,"대구회생법원","",0,2026-05-03
"주식회사 브로넷","2025간회합1002",2026-03-24,"부산회생법원","",0,2026-05-03
"금호섬유공업 주식회사","2026회합1018",2026-03-24,"부산회생법원","",2,2026-05-03
"주식회사 리빙글로리","2025간회합1042",2026-03-24,"부산회생법원","",0,2026-05-03
"주식회사 삼화크린글러브","2025회합1092",2026-03-24,"부산회생법원","",0,2026-05-03
"주식회사 비에스건설","2026회합1049",2026-03-24,"서울회생법원","",2,2026-05-03
"한국유니온제약 주식회사","2025회합273",2026-03-24,"서울회생법원","제조업(기계,금속,중공업)",9,2026-05-03
"와이에이치컴퍼니코리아 주식회사","2025간회합226",2026-03-24,"서울회생법원","",0,2026-05-03
"디에스글로벌 주식회사","2025회합258",2026-03-24,"서울회생법원","",2,2026-05-03
"주식회사 은해씨월드","2025회합171",2026-03-24,"서울회생법원","",0,2026-05-03
"주식회사 엠이피","2026간회합128",2026-03-24,"수원회생법원","",0,2026-05-03
"주식회사 성심광학","2025회합164",2026-03-24,"수원회생법원","",0,2026-05-03
"풍국통상 주식회사","2025간회합102",2026-03-24,"수원회생법원","",0,2026-05-03
"명가유업 주식회사","2026회합122",2026-03-24,"수원회생법원","",0,2026-05-03
"코리아배터리 주식회사","2025간회합1013",2026-03-24,"전주지방법원","",5,2026-05-03
"주식회사 새진유니텍","2025회합10023",2026-03-24,"창원지방법원","",0,2026-05-03
"주식회사 에스제이홀딩스","2025간회합10008",2026-03-24,"창원지방법원","",2,2026-05-03
"남명산업개발 주식회사","2025회합10024",2026-03-24,"창원지방법원","",0,2026-05-03
"주식회사 제이엔에스","2025간회합3001",2026-03-24,"청주지방법원","",0,2026-05-03
"뉴코아임대 주식회사(201311-0021989)","2026회합5007",2026-03-23,"광주회생법원","",0,2026-05-03
"경북산소 주식회사","2026회합109",2026-03-23,"대구회생법원","",0,2026-05-03
"주식회사 디에이치에스글로벌","2025간회합1041",2026-03-23,"대구회생법원","",0,2026-05-03
"일흥하이텍 주식회사","2025회합1013",2026-03-23,"부산회생법원","",0,2026-05-03
"아이디티크리에이티브 주식회사","2025간회합296",2026-03-23,"서울회생법원","",0,2026-05-03
"주식회사 신세계개발","2025회합278",2026-03-23,"서울회생법원","",11,2026-05-03
"주식회사 마마쿡","2025회합238",2026-03-23,"서울회생법원","",0,2026-05-03
"주식회사 리클","2025간회합269",2026-03-23,"서울회생법원","",0,2026-05-03
"주식회사 태가디자인","2025간회합199",2026-03-23,"서울회생법원","",0,2026-05-03
"주식회사 플로트론","2025회합134",2026-03-23,"서울회생법원","",0,2026-05-03
"주식회사 아이아이씨에이","2026간회합5035",2026-03-23,"서울회생법원","",0,2026-05-03
"주식회사 디씨티","2025회합275",2026-03-23,"서울회생법원","",1,2026-05-03
"주식회사 지알씨앤비인터내셔널","2025회합298",2026-03-23,"서울회생법원","",0,2026-05-03
"주식회사 씨디씨골프앤스포츠","2025회합316",2026-03-23,"서울회생법원","",0,2026-05-03
"주식회사 셀레스트라","2025회합196",2026-03-23,"수원회생법원","",3,2026-05-03
"일양산업 주식회사","2025간회합10012",2026-03-23,"창원지방법원","",1,2026-05-03
"주식회사 우성엔텍","2026회합107",2026-03-20,"대구회생법원","",0,2026-05-03
"주식회사 원영하이텍","2025회합5011",2026-03-20,"대전회생법원","제조업(기계,금속,중공업)",0,2026-05-03
"주식회사 에이스컬러테크","2025간회합1011",2026-03-20,"대전회생법원","",0,2026-05-03
"제주비케이 주식회사","2026회합1008",2026-03-20,"부산회생법원","",4,2026-05-03
"동양가스산업 주식회사","2026회합1004",2026-03-20,"부산회생법원","",14,2026-05-03
"삼호테크 주식회사","2025회합1041",2026-03-20,"부산회생법원","",13,2026-05-03
"비케이에너지 주식회사","2026회합1003",2026-03-20,"부산회생법원","",1,2026-05-03
"주식회사 초록마을","2025회합228",2026-03-20,"서울회생법원","기타",10,2026-05-03
"주식회사 정육각","2025회합229",2026-03-20,"서울회생법원","",0,2026-05-03
"주식회사 베이식스","2026간회합5052",2026-03-20,"서울회생법원","",0,2026-05-03
"제이에스전자 주식회사","2025회합312",2026-03-20,"서울회생법원","",6,2026-05-03
"신원하이테크 주식회사","2025회합217",2026-03-20,"서울회생법원","",0,2026-05-03
"주식회사 신촌도시개발","2026회합1047",2026-03-20,"서울회생법원","",0,2026-05-03
"신원화학 주식회사","2025회합220",2026-03-20,"서울회생법원","",3,2026-05-03
"신원인슈텍 주식회사","2025회합219",2026-03-20,"서울회생법원","",0,2026-05-03
"주식회사 한다운에프에스엘","2026회합1013",2026-03-20,"서울회생법원","",0,2026-05-03
"주식회사 대성글로벌","2026간회합5051",2026-03-20,"서울회생법원","",9,2026-05-03
"에이치에프비지 주식회사","2025회합184",2026-03-20,"수원회생법원","",0,2026-05-03
"엔비에스티 주식회사","2026회합136",2026-03-20,"수원회생법원","",0,2026-05-03
"주식회사 휴앤","2026간회합126",2026-03-20,"수원회생법원","기타",0,2026-05-03
"의료법인신명진의료재단","2025회합170",2026-03-20,"수원회생법원","",0,2026-05-03
"이원다이애그노믹스 주식회사","2025회합136",2026-03-20,"수원회생법원","기타",1,2026-05-03
"주식회사 에스알","2025간회합513",2026-03-20,"의정부지방법원","",2,2026-05-03
"주식회사 케이씨에프","2025간회합10005",2026-03-20,"창원지방법원","",0,2026-05-03
"파라뷰엠센트럴 주식회사","2026회합5006",2026-03-19,"광주회생법원","",0,2026-05-03
"삼일건설 주식회사","2026회합5001",2026-03-19,"광주회생법원","",31,2026-05-03
"파라뷰골든클래스 주식회사","2026회합5002",2026-03-19,"광주회생법원","",0,2026-05-03
"삼일파라뷰앤루체아 주식회사","2026회합5008",2026-03-19,"광주회생법원","",0,2026-05-03
"성안합섬 주식회사","2026회합113",2026-03-19,"대구회생법원","",0,2026-05-03
"주식회사 세우산업","2025회합5036",2026-03-19,"대전회생법원","",6,2026-05-03
"농업회사법인 주식회사 참살이농원","2026간회합1008",2026-03-19,"대전회생법원","",0,2026-05-03
"주식회사 부강상사","2026회합1023",2026-03-19,"부산회생법원","",0,2026-05-03
"주식회사 천강","2025회합1051",2026-03-19,"부산회생법원","",0,2026-05-03
"오헌산업 주식회사","2025회합1090",2026-03-19,"부산회생법원","",0,2026-05-03
"삼덕기계공업주식회사","2025간회합1040",2026-03-19,"부산회생법원","",0,2026-05-03
"신한산업 주식회사","2025회합1089",2026-03-19,"부산회생법원","",18,2026-05-03
"삼부선재주식회사","2025회합255",2026-03-19,"서울회생법원","",0,2026-05-03
"에스에스엠엠 주식회사","2025간회합192",2026-03-19,"서울회생법원","",0,2026-05-03
"주식회사 콘텐츠브릭","2025회합294",2026-03-19,"서울회생법원","",1,2026-05-03
"에이치엠푸드 농업회사법인 주식회사","2025간회합293",2026-03-19,"서울회생법원","",0,2026-05-03
"주식회사 뮬라","2025회합106",2026-03-19,"서울회생법원","",0,2026-05-03
"주식회사 시스웍","2025회합248",2026-03-19,"서울회생법원","",11,2026-05-03
"주식회사 글로벡스","2025회합309",2026-03-19,"서울회생법원","",3,2026-05-03
"주식회사 영진산업","2025회합203",2026-03-19,"수원회생법원","",10,2026-05-03
"주식회사 신화정밀","2026회합117",2026-03-19,"수원회생법원","",0,2026-05-03
"주식회사 브랜드플랫폼","2025회합122",2026-03-19,"수원회생법원","",13,2026-05-03
"주식회사 경남윈스텍","2025회합179",2026-03-19,"수원회생법원","",0,2026-05-03
"지더블유바이텍 주식회사","2025회합118",2026-03-19,"수원회생법원","",1,2026-05-03
"지평버섯영농조합법인","2025간회합184",2026-03-19,"수원회생법원","",0,2026-05-03
"주식회사 마크비","2025회합194",2026-03-19,"수원회생법원","",0,2026-05-03
"주식회사 엠에스피엠","2026회합134",2026-03-19,"수원회생법원","",0,2026-05-03
"주식회사 원","2026간회합1004",2026-03-19,"인천지방법원","",13,2026-05-03
"주식회사 부농산업","2026회합3003",2026-03-19,"청주지방법원","",0,2026-05-03
"주식회사 바이나리","2025간회합1031",2026-03-18,"대구회생법원","",0,2026-05-03
"주식회사 모든산업개발","2025간회합1005",2026-03-18,"대구회생법원","",19,2026-05-03
"암롤연합 주식회사","2026간회합1003",2026-03-18,"대전회생법원","",0,2026-05-03
"한융금속 주식회사","2025회합1036",2026-03-18,"부산회생법원","",0,2026-05-03
"주식회사 보성식품","2025간회합265",2026-03-18,"서울회생법원","",0,2026-05-03
"이후시스 주식회사","2025간회합248",2026-03-18,"서울회생법원","",0,2026-05-03
"주식회사 카나프","2026간회합5033",2026-03-18,"서울회생법원","",0,2026-05-03
"주식회사 제이후렉스","2025간회합230",2026-03-18,"서울회생법원","",0,2026-05-03
"주식회사 뉴넥스","2025회합284",2026-03-18,"서울회생법원","",0,2026-05-03
"주식회사 마이보성","2025간회합266",2026-03-18,"서울회생법원","",0,2026-05-03
"주식회사 블루컴","2025간회합166",2026-03-18,"서울회생법원","",0,2026-05-03
"주식회사 부천리사이클링","2025회합267",2026-03-18,"서울회생법원","",0,2026-05-03
"주식회사 에스알커머스","2025간회합170",2026-03-18,"서울회생법원","",0,2026-05-03
"주식회사 원시스템","2026회합135",2026-03-18,"수원회생법원","",10,2026-05-03
"주식회사 디앤푸드","2026회합123",2026-03-18,"수원회생법원","",0,2026-05-03
"주식회사 삼광","2025회합102",2026-03-18,"울산지방법원","",11,2026-05-03
"주식회사 프랜드피앤에프","2025간회합1014",2026-03-18,"인천지방법원","",0,2026-05-03
"주식회사 한일산업","2025간회합10007",2026-03-18,"창원지방법원","",8,2026-05-03
"다인공영 주식회사","2025간회합1028",2026-03-17,"대전회생법원","",0,2026-05-03
"주식회사 영지","2025간회합1036",2026-03-17,"부산회생법원","",0,2026-05-03
"주식회사 삼정기업구산컨소시움","2025회합1020",2026-03-17,"부산회생법원","",0,2026-05-03
"주식회사 어거스트스튜디오스","2025간회합228",2026-03-17,"서울회생법원","",0,2026-05-03
"주식회사 웅산지에프","2026간회합5031",2026-03-17,"서울회생법원","",0,2026-05-03
"주식회사 밸리스","2025간회합276",2026-03-17,"서울회생법원","",0,2026-05-03
"인텍나노소재 주식회사","2026회합1046",2026-03-17,"서울회생법원","",0,2026-05-03
"주식회사 그린피에스티","2025간회합273",2026-03-17,"서울회생법원","",0,2026-05-03
"주식회사 제일산업","2025간회합278",2026-03-17,"서울회생법원","",17,2026-05-03
"장안두꺼비왕식자재마트 주식회사","2025회합214",2026-03-17,"서울회생법원","",0,2026-05-03
"주식회사 대유이노베이션","2025간회합191",2026-03-17,"서울회생법원","",2,2026-05-03
"주식회사 예당절병","2025회합340",2026-03-17,"서울회생법원","",0,2026-05-03
"주식회사 골드플레이트","2026회합1045",2026-03-17,"서울회생법원","",0,2026-05-03
"주식회사 에이스푸드","2025회합261",2026-03-17,"서울회생법원","",4,2026-05-03
"글로벌팜 주식회사","2025회합268",2026-03-17,"서울회생법원","",6,2026-05-03
"주식회사 선진전자통신","2026간회합5019",2026-03-17,"서울회생법원","",5,2026-05-03
"주식회사 한백재생산업","2025회합209",2026-03-17,"수원회생법원","",0,2026-05-03
"주식회사 화니핀코리아","2026회합3002",2026-03-17,"청주지방법원","",0,2026-05-03
"어업회사법인 가람 주식회사","2026간회합5007",2026-03-16,"광주회생법원","",0,2026-05-03
"주식회사 엠비엠에코웍스","2025회합5031",2026-03-16,"광주회생법원","",0,2026-05-03
"고려중공업 주식회사","2025회합5013",2026-03-16,"광주회생법원","제조업(기계,금속,중공업)",32,2026-05-03
"보고산업 주식회사","2025회합5032",2026-03-16,"광주회생법원","",34,2026-05-03
"주식회사 부창자원","2025회합5033",2026-03-16,"광주회생법원","",0,2026-05-03
"주식회사 다와","2025간회합1034",2026-03-16,"대구회생법원","",2,2026-05-03
"주식회사 홍성건설","2025회합138",2026-03-16,"대구회생법원","",3,2026-05-03
"주식회사 제이앤제이케미칼","2025간회합1047",2026-03-16,"대구회생법원","",0,2026-05-03
"보산환경 주식회사 (변경전 상호 주원환경)","2026회합1014",2026-03-16,"부산회생법원","",0,2026-05-03
"주식회사 공존공영","2026간회합5049",2026-03-16,"서울회생법원","",0,2026-05-03
"마스턴제97호일반사모부동산투자 유한회사","2026회합1037",2026-03-16,"서울회생법원","",2,2026-05-03
"그랑몬스터 주식회사","2025회합353",2026-03-16,"서울회생법원","",0,2026-05-03
"주식회사 케이엔에이치제주","2025회합301",2026-03-16,"서울회생법원","",0,2026-05-03
"주식회사 카본텍","2026회합1036",2026-03-16,"서울회생법원","",0,2026-05-03
"주식회사 제이디코프","2026회합1038",2026-03-16,"서울회생법원","",0,2026-05-03
"주식회사 키스톤플레이","2025간회합180",2026-03-16,"서울회생법원","",0,2026-05-03
"큐오이엔씨 주식회사","2025간회합207",2026-03-16,"수원회생법원","",0,2026-05-03
"주식회사 휴테크산업","2026회합132",2026-03-16,"수원회생법원","기타",0,2026-05-03
"주식회사 투에이치플러스","2025간회합179",2026-03-16,"수원회생법원","",0,2026-05-03
"성원시스텍 주식회사","2025간회합176",2026-03-16,"수원회생법원","",0,2026-05-03
"에이티테크 주식회사","2025회합10003",2026-03-16,"창원지방법원","",4,2026-05-03
"주식회사 원스타인터내셔널","2025회합5",2026-03-15,"인천지방법원","",1,2026-05-03
"의료법인 운하의료재단","2025회합126",2026-03-13,"대구회생법원","",0,2026-05-03
"주식회사 디에스아이","2025간회합1009",2026-03-13,"대전회생법원","",2,2026-05-03
"주식회사 정이엔지","2025회합167",2026-03-13,"서울회생법원","",0,2026-05-03
"주식회사 좋은아침","2025간회합270",2026-03-13,"서울회생법원","",0,2026-05-03
"한성대두꺼비왕식자재마트 주식회사","2025간회합200",2026-03-13,"서울회생법원","",0,2026-05-03
"주식회사 신흥케미컬","2026간회합5030",2026-03-13,"서울회생법원","",1,2026-05-03
"주식회사 준우드","2026회합1025",2026-03-13,"서울회생법원","",0,2026-05-03
"대영엠이씨 주식회사","2026간회합5048",2026-03-13,"서울회생법원","",0,2026-05-03
"주식회사 왓챠","2025회합233",2026-03-13,"서울회생법원","",2,2026-05-03
"주식회사 피케이엘앤에스","2025회합318",2026-03-13,"서울회생법원","",0,2026-05-03
"주식회사 다인식품","2026회합1027",2026-03-13,"서울회생법원","",0,2026-05-03
"주식회사 파티팡","2026회합1017",2026-03-13,"서울회생법원","",0,2026-05-03
"주식회사 드림디자인","2025간회합237",2026-03-13,"서울회생법원","",2,2026-05-03
"주식회사 꿈꾸는장인","2026간회합5037",2026-03-13,"서울회생법원","",0,2026-05-03
"아힘산업 주식회사","2025간회합244",2026-03-13,"서울회생법원","",0,2026-05-03
"주식회사 아이앤나","2025회합202",2026-03-13,"수원회생법원","",0,2026-05-03
"주식회사 피엘아이","2025간회합185",2026-03-13,"수원회생법원","",0,2026-05-03
"주식회사 코비스테크놀로지","2025간회합159",2026-03-13,"수원회생법원","",0,2026-05-03
"주식회사 지에스이앤에스","2025간회합145",2026-03-13,"수원회생법원","",0,2026-05-03
"케이씨글라스 주식회사","2025회합169",2026-03-13,"수원회생법원","제조업(기계,금속,중공업)",1,2026-05-03
"유한회사 은하랑","2026회합1002",2026-03-13,"전주지방법원","",0,2026-05-03
"주식회사 고려화스너","2025회합10026",2026-03-13,"창원지방법원","",0,2026-05-03
"주식회사 제이우드","2025간회합10013",2026-03-13,"창원지방법원","",0,2026-05-03
"주식회사 주리","2025회합142",2026-03-12,"대구회생법원","",0,2026-05-03
"주식회사 아주텍","2026회합1022",2026-03-12,"부산회생법원","",0,2026-05-03
"다호알앤피 주식회사","2026간회합5045",2026-03-12,"서울회생법원","",0,2026-05-03
"주식회사 이룸","2025회합251",2026-03-12,"서울회생법원","",8,2026-05-03
"주식회사 씨네트웍스","2026간회합5043",2026-03-12,"서울회생법원","",23,2026-05-03
"이에스바이오 주식회사","2025간회합250",2026-03-12,"서울회생법원","",2,2026-05-03
"주식회사 고향미트","2025회합156",2026-03-12,"수원회생법원","",0,2026-05-03
"신신화학공업 주식회사","2025회합201",2026-03-12,"수원회생법원","",0,2026-05-03
"주식회사 선경","2025간회합186",2026-03-12,"수원회생법원","",1,2026-05-03
"신춘 주식회사","2025회합193",2026-03-12,"수원회생법원","",0,2026-05-03
"주식회사 이설푸드","2025간회합155",2026-03-12,"수원회생법원","",0,2026-05-03
"주식회사 서일특수목재","2025회합10004",2026-03-12,"창원지방법원","",0,2026-05-03
"주식회사 충일","2026간회합3001",2026-03-12,"청주지방법원","",0,2026-05-03
"주식회사 세영글로텍","2026간회합5008",2026-03-11,"광주회생법원","",0,2026-05-03
"주식회사 싸이텍","2025회합5034",2026-03-11,"대전회생법원","",0,2026-05-03
"주식회사 한솔정공","2025간회합1008",2026-03-11,"대전회생법원","",4,2026-05-03
"동아식품 주식회사","2025회합5041",2026-03-11,"대전회생법원","",19,2026-05-03
"주식회사 포스아이","2025간회합1033",2026-03-11,"부산회생법원","",8,2026-05-03
"주식회사 엠오브에스","2025간회합268",2026-03-11,"서울회생법원","",0,2026-05-03
"주식회사 비씨엘","2025회합208",2026-03-11,"서울회생법원","",3,2026-05-03
"주식회사 유니어","2025회합195",2026-03-11,"서울회생법원","",0,2026-05-03
"주식회사 크리에이저","2025간회합264",2026-03-11,"서울회생법원","",0,2026-05-03
"주식회사 볼드나인","2025회합264",2026-03-11,"서울회생법원","",0,2026-05-03
"의료법인 디에스동서의료재단","2025회합236",2026-03-11,"서울회생법원","",0,2026-05-03
"주식회사 케익드라마","2025회합188",2026-03-11,"수원회생법원","",0,2026-05-03
"주식회사 남서울승마클럽","2025회합160",2026-03-11,"수원회생법원","",0,2026-05-03
"주식회사 태한","2026회합130",2026-03-11,"수원회생법원","",0,2026-05-03
"주식회사 에스티아이코리아","2025간회합214",2026-03-11,"수원회생법원","",0,2026-05-03
"주식회사 엔젤싹스","2025간회합134",2026-03-11,"수원회생법원","",0,2026-05-03
"신화전선 주식회사","2025간회합165",2026-03-11,"수원회생법원","",1,2026-05-03
"주영골프산업 주식회사","2026간회합502",2026-03-11,"의정부지방법원","",0,2026-05-03
"주식회사 다오요트","2025회합10015",2026-03-11,"창원지방법원","제조업(기계,금속,중공업)",0,2026-05-03
"주식회사 에이치유이엔지","2025간회합10006",2026-03-11,"창원지방법원","",0,2026-05-03
"영농조합법인 아농이","2025간회합1027",2026-03-10,"대전회생법원","",0,2026-05-03
"주식회사 뮤즈인터내셔날","2025간회합136",2026-03-10,"서울회생법원","",0,2026-05-03
"주식회사 한국토픽교육센터","2026간회합5027",2026-03-10,"서울회생법원","",0,2026-05-03
"농업회사법인 주식회사 수지스링크","2025회합168",2026-03-10,"서울회생법원","",0,2026-05-03
"두꺼비왕식자재마트 주식회사","2025회합215",2026-03-10,"서울회생법원","",0,2026-05-03
"주식회사 한국방화문","2026회합1041",2026-03-10,"서울회생법원","",0,2026-05-03
"한송우드 주식회사","2025회합281",2026-03-10,"서울회생법원","",0,2026-05-03
"주식회사 투니모션","2026간회합5023",2026-03-10,"서울회생법원","",0,2026-05-03
"주식회사 큐어팜텍","2025회합199",2026-03-10,"서울회생법원","기타",0,2026-05-03
"산들마루 주식회사","2025회합282",2026-03-10,"서울회생법원","",0,2026-05-03
"주식회사 연합시스템","2026회합1028",2026-03-10,"서울회생법원","",7,2026-05-03
"주식회사 풍산건설","2025회합147",2026-03-10,"수원회생법원","",8,2026-05-03
"동인엔지니어링 주식회사","2025간회합177",2026-03-10,"수원회생법원","",0,2026-05-03
"주식회사 대성지기","2025회합117",2026-03-10,"수원회생법원","",0,2026-05-03
"주식회사 미라클에프에스","2025간회합221",2026-03-10,"수원회생법원","",0,2026-05-03
"주식회사 이안소프트","2025간회합222",2026-03-10,"수원회생법원","",0,2026-05-03
"주식회사 성삼","2026회합128",2026-03-10,"수원회생법원","",0,2026-05-03
"정일산업 주식회사","2025회합206",2026-03-10,"수원회생법원","",2,2026-05-03
"주식회사 상록수지산업사","2025간회합504",2026-03-10,"의정부지방법원","",0,2026-05-03
"유한회사 엔에프군산엘피씨","2025회합1082",2026-03-10,"전주지방법원","",0,2026-05-03
"주식회사 이찬건설","2025회합1025",2026-03-10,"전주지방법원","",0,2026-05-03
"주식회사 광전","2026회합104",2026-03-10,"제주지방법원","",3,2026-05-03
"어업회사법인 주식회사 해광","2025회합10002",2026-03-10,"창원지방법원","",0,2026-05-03
"의료법인 케이엔의료재단","2025회합10011",2026-03-10,"창원지방법원","",0,2026-05-03
"대경제이엠 주식회사","2025회합5022",2026-03-09,"광주회생법원","",0,2026-05-03
"퍼스트내셔널원 주식회사","2025회합5026",2026-03-09,"광주회생법원","",0,2026-05-03
"주식회사 성진엔프라","2025회합137",2026-03-09,"대구회생법원","",0,2026-05-03
"주식회사 갑우","2025간회합1023",2026-03-09,"대구회생법원","",0,2026-05-03
"주식회사 할인식자재마트","2025간회합1029",2026-03-09,"대전회생법원","",0,2026-05-03
"주식회사 청운","2025회합1068",2026-03-09,"부산회생법원","",4,2026-05-03
"주식회사 한국비엔디","2025간회합263",2026-03-09,"서울회생법원","",1,2026-05-03
"주식회사 벽천레미콘산업","2025회합296",2026-03-09,"서울회생법원","",0,2026-05-03
"주식회사 엠에스산업개발","2025회합317",2026-03-09,"서울회생법원","",16,2026-05-03
"주식회사 명동메디칼센터엠엠씨","2025회합200",2026-03-09,"서울회생법원","",0,2026-05-03
"주식회사 엠에스산업","2025회합271",2026-03-09,"서울회생법원","",3,2026-05-03
"주식회사 유앤아이트레이딩","2025회합307",2026-03-09,"서울회생법원","",0,2026-05-03
"주식회사 해원푸드","2025간회합152",2026-03-09,"서울회생법원","",0,2026-05-03
"주식회사 단지(632-88-00237)","2025간회합178",2026-03-09,"서울회생법원","",0,2026-05-03
"주식회사 몽가타","2025간회합209",2026-03-09,"서울회생법원","기타",0,2026-05-03
"주식회사 블루콘텐츠","2025간회합225",2026-03-09,"서울회생법원","",1,2026-05-03
"동일건설 주식회사","2026회합1006",2026-03-09,"서울회생법원","",10,2026-05-03
"주식회사 한길지앤에스","2025회합227",2026-03-09,"서울회생법원","",0,2026-05-03
"주식회사 이노벡스","2026회합115",2026-03-09,"수원회생법원","",1,2026-05-03
"주식회사 허킨스","2026간회합123",2026-03-09,"수원회생법원","",0,2026-05-03
"주식회사 엔에프","2026회합127",2026-03-09,"수원회생법원","",0,2026-05-03
"케이디 주식회사","2026회합129",2026-03-09,"수원회생법원","",12,2026-05-03
"주식회사 은손","2026간회합118",2026-03-09,"수원회생법원","",0,2026-05-03
"주식회사 세한기업","2026간회합1005",2026-03-09,"인천지방법원","",0,2026-05-03
"유한회사 대한전기산업","2025간회합101",2026-03-09,"제주지방법원","",21,2026-05-03
"주식회사 한성","2026회합5013",2026-03-06,"광주회생법원","",23,2026-05-03
"농업회사법인 달향 주식회사","2026회합5012",2026-03-06,"광주회생법원","",0,2026-05-03
"주식회사 보국전자","2026회합112",2026-03-06,"대구회생법원","",1,2026-05-03
"주식회사 케이디에스","2025회합5002",2026-03-06,"대전회생법원","",0,2026-05-03
"주식회사 제이아이텍","2025회합1072",2026-03-06,"부산회생법원","",0,2026-05-03
"주식회사 동부토건","2025회합1014",2026-03-06,"부산회생법원","",22,2026-05-03
"주식회사 보그인터내셔날","2025회합151",2026-03-06,"서울회생법원","",3,2026-05-03
"주식회사 서울지앤비","2026간회합5041",2026-03-06,"서울회생법원","",0,2026-05-03
"삼부토건 주식회사","2025회합129",2026-03-06,"서울회생법원","기타",21,2026-05-03
"153패밀리 주식회사","2025간회합198",2026-03-06,"서울회생법원","",0,2026-05-03
"주식회사 세담","2025간회합219",2026-03-06,"서울회생법원","",0,2026-05-03
"사단법인 자기고용지원연구소","2025간회합271",2026-03-06,"서울회생법원","",4,2026-05-03
"주식회사 대흥토건","2025회합221",2026-03-06,"서울회생법원","기타",0,2026-05-03
"진흥전기 주식회사","2026회합1039",2026-03-06,"서울회생법원","",16,2026-05-03
"주식회사 전음정밀","2025간회합206",2026-03-06,"서울회생법원","",0,2026-05-03
"주식회사 폴리텍아이엔씨","2025회합257",2026-03-06,"서울회생법원","",0,2026-05-03
"주식회사 뷰티메디칼","2026회합1024",2026-03-06,"서울회생법원","",0,2026-05-03
"주식회사 이씨텍","2025간회합256",2026-03-06,"서울회생법원","",0,2026-05-03
"주식회사 씨앤케이푸드","2025간회합181",2026-03-06,"수원회생법원","",0,2026-05-03
"주식회사 두광엠에프지","2025회합185",2026-03-06,"수원회생법원","",0,2026-05-03
"(주)이시스비젼","2025회합181",2026-03-06,"수원회생법원","",0,2026-05-03
"주식회사 정현이엔지","2026회합126",2026-03-06,"수원회생법원","",1,2026-05-03
"더부스틸 주식회사","2025회합132",2026-03-06,"수원회생법원","",0,2026-05-03
"주식회사 경성엘에스디","2025간회합174",2026-03-06,"수원회생법원","",0,2026-05-03
"농업회사법인 푸디웜주식회사","2025회합139",2026-03-06,"수원회생법원","",0,2026-05-03
"주식회사 노블엠앤비","2025회합123",2026-03-06,"수원회생법원","",2,2026-05-03
"레인보우모빌리티주식회사","2026회합101",2026-03-06,"제주지방법원","",0,2026-05-03
"주식회사 아이비휀스","2026간회합5004",2026-03-05,"광주회생법원","",0,2026-05-03
"대운프라스틱 주식회사","2025회합5024",2026-03-05,"광주회생법원","",0,2026-05-03
"주식회사 영신케미칼","2025회합5025",2026-03-05,"광주회생법원","",2,2026-05-03
"주식회사 케이원김천","2026회합111",2026-03-05,"대구회생법원","",0,2026-05-03
"농업회사법인 권도영알로에 주식회사","2025회합1083",2026-03-05,"부산회생법원","",0,2026-05-03
"백암수산 주식회사","2025회합1088",2026-03-05,"부산회생법원","",0,2026-05-03
"세븐브로이맥주 주식회사","2025회합190",2026-03-05,"서울회생법원","",7,2026-05-03
"주식회사 마성","2026회합1011",2026-03-05,"서울회생법원","",1,2026-05-03
"주식회사 유엔아이컴퍼니","2026간회합5040",2026-03-05,"서울회생법원","",0,2026-05-03
"주식회사 등주인스트루먼트","2025회합191",2026-03-05,"서울회생법원","",0,2026-05-03
"주식회사 에스티엔","2025간회합211",2026-03-05,"서울회생법원","",0,2026-05-03
"주식회사 아성산업개발","2025회합270",2026-03-05,"서울회생법원","",0,2026-05-03
"주식회사 러썸","2025간회합245",2026-03-05,"서울회생법원","",0,2026-05-03
"주식회사 가온셀","2025회합186",2026-03-05,"서울회생법원","",0,2026-05-03
"농업회사법인 리베로인터내셔날 주식회사","2025회합277",2026-03-05,"서울회생법원","",0,2026-05-03
"알에스엠코리아 주식회사","2025간회합243",2026-03-05,"서울회생법원","",0,2026-05-03
"주식회사 경진에프앤비","2025간회합182",2026-03-05,"서울회생법원","",0,2026-05-03
"주식회사 엘앤케이","2025간회합277",2026-03-05,"서울회생법원","",4,2026-05-03
"지강에프앤비 주식회사","2025간회합120",2026-03-05,"수원회생법원","",0,2026-05-03
"주식회사 윤하푸드","2025간회합156",2026-03-05,"수원회생법원","",0,2026-05-03
"주식회사 에코테크","2025회합226",2026-03-05,"수원회생법원","",6,2026-05-03
"주영롤기업 주식회사","2025간회합223",2026-03-05,"수원회생법원","",0,2026-05-03
"주식회사 갑진","2025회합143",2026-03-05,"수원회생법원","",2,2026-05-03
"주식회사 디엠아이씨","2025간회합212",2026-03-05,"수원회생법원","",0,2026-05-03
"주식회사 제이브이코리아","2026회합119",2026-03-05,"수원회생법원","",0,2026-05-03
"주식회사 이수종합건설","2025간회합104",2026-03-05,"제주지방법원","",3,2026-05-03
"어업회사법인 코리오이스 주식회사","2025회합10025",2026-03-05,"창원지방법원","",0,2026-05-03
"디에스산업 주식회사","2026회합5009",2026-03-04,"광주회생법원","",11,2026-05-03
"주식회사 와이엠건설","2025회합133",2026-03-04,"대구회생법원","",3,2026-05-03
"주식회사 티케이철강","2025간회합1032",2026-03-04,"부산회생법원","",0,2026-05-03
"주식회사 엠피알","2025간회합1020",2026-03-04,"부산회생법원","",0,2026-05-03
"주식회사 와이제이","2025회합1065",2026-03-04,"부산회생법원","",3,2026-05-03
"주식회사 하진","2026회합1020",2026-03-04,"부산회생법원","",4,2026-05-03
"의료법인 피앤케이의료재단","2025회합1038",2026-03-04,"부산회생법원","",0,2026-05-03
"실무프로젝트 주식회사","2025간회합292",2026-03-04,"서울회생법원","",9,2026-05-03
"주식회사 넥스디네트웍스","2025간회합118",2026-03-04,"서울회생법원","",0,2026-05-03
"주식회사 집밥처럼","2025간회합168",2026-03-04,"서울회생법원","",11,2026-05-03
"주식회사 천우산업개발","2025회합345",2026-03-04,"서울회생법원","",1,2026-05-03
"서광종합개발 주식회사","2025회합110",2026-03-04,"서울회생법원","",0,2026-05-03
"주식회사 베이스테크","2025간회합253",2026-03-04,"서울회생법원","",4,2026-05-03
"에이치제이산전 주식회사","2026간회합120",2026-03-04,"수원회생법원","",0,2026-05-03
"주식회사 펠콘","2025간회합189",2026-03-04,"수원회생법원","",0,2026-05-03
"주식회사 뉴아세아","2025회합162",2026-03-04,"수원회생법원","",1,2026-05-03
"다올인피니티 주식회사","2026간회합121",2026-03-04,"수원회생법원","",0,2026-05-03
"주식회사 오보틀","2025회합1009",2026-03-04,"의정부지방법원","",0,2026-05-03
"주식회사 형태와구조","2025간회합518",2026-03-04,"의정부지방법원","",16,2026-05-03
"엔에프푸드 주식회사","2025회합1080",2026-03-04,"전주지방법원","",0,2026-05-03
"(주)재상피앤에스","2025간회합10011",2026-03-04,"창원지방법원","",0,2026-05-03
"주식회사 디에스원","2025회합1071",2026-03-03,"부산회생법원","",0,2026-05-03
"주식회사 동신모텍","2025회합1069",2026-03-03,"부산회생법원","",0,2026-05-03
"주식회사 콘포테크","2025회합222",2026-03-03,"서울회생법원","",0,2026-05-03
"주식회사 케이티기획","2025간회합210",2026-03-03,"서울회생법원","",1,2026-05-03
"주식회사 노아스로스팅","2025회합246",2026-03-03,"서울회생법원","",0,2026-05-03
"화인산업 주식회사","2025간회합201",2026-03-03,"서울회생법원","",12,2026-05-03
"주식회사 황원레미콘 아스콘 산업","2025회합189",2026-03-03,"서울회생법원","",0,2026-05-03
"주식회사 달롤컴퍼니","2025회합239",2026-03-03,"서울회생법원","기타",1,2026-05-03
"주식회사 현성테크노","2025회합230",2026-03-03,"서울회생법원","",0,2026-05-03
"주식회사 노아스","2025회합245",2026-03-03,"서울회생법원","",0,2026-05-03
"주식회사 이앤에치","2025회합350",2026-03-03,"서울회생법원","",0,2026-05-03
"주식회사 한일전자시스템","2025간회합295",2026-03-03,"서울회생법원","",3,2026-05-03
"일진코퍼레이션 주식회사","2025회합243",2026-03-03,"서울회생법원","",4,2026-05-03
"주식회사 성왕이앤에프","2025간회합171",2026-03-03,"서울회생법원","",0,2026-05-03
"큐패스코리아주식회사","2025회합210",2026-03-03,"수원회생법원","",0,2026-05-03
"주식회사 삼우이엔아이","2026회합124",2026-03-03,"수원회생법원","",0,2026-05-03
"주식회사 대륜엠유씨","2026간회합119",2026-03-03,"수원회생법원","",0,2026-05-03
"주식회사 소이넷","2025간회합135",2026-03-03,"수원회생법원","",0,2026-05-03
"블레이 주식회사","2025간회합218",2026-03-03,"수원회생법원","",0,2026-05-03
"주식회사 케이에스아이","2025회합1076",2026-03-03,"전주지방법원","",0,2026-05-03
"주식회사 이엘티","2026회합5010",2026-02-27,"광주회생법원","",0,2026-05-03
"주식회사 극동","2025회합1086",2026-02-27,"부산회생법원","",12,2026-05-03
"주식회사 중원철강","2025간회합140",2026-02-27,"서울회생법원","",0,2026-05-03
"일렉파워 주식회사","2025회합331",2026-02-27,"서울회생법원","",2,2026-05-03
"주식회사 아싸","2025회합276",2026-02-27,"서울회생법원","",0,2026-05-03
"씨앤에이치프리미어렌탈 주식회사","2026회합1035",2026-02-27,"서울회생법원","",0,2026-05-03
"늘찬 농업회사법인 주식회사","2025회합212",2026-02-27,"수원회생법원","",0,2026-05-03
"제일유리 주식회사","2026회합5005",2026-02-26,"광주회생법원","",3,2026-05-03
"주식회사 파라솔","2026간회합5001",2026-02-26,"광주회생법원","",0,2026-05-03
"주식회사 그린피앤피","2026회합5003",2026-02-26,"광주회생법원","",0,2026-05-03
"주식회사 윤검푸드","2025간회합1043",2026-02-26,"대구회생법원","",0,2026-05-03
"주식회사 윤검도우","2025간회합1044",2026-02-26,"대구회생법원","",0,2026-05-03
"주식회사 우현미트코리아","2025회합254",2026-02-26,"서울회생법원","",0,2026-05-03
"주식회사 우현미트","2025회합253",2026-02-26,"서울회생법원","",0,2026-05-03
"주식회사 금륜","2025회합187",2026-02-26,"수원회생법원","",0,2026-05-03
"주식회사 맥스원","2025간회합183",2026-02-26,"수원회생법원","",0,2026-05-03
"주식회사 에스에이테크","2025간회합1035",2026-02-25,"대구회생법원","",0,2026-05-03
"이케이중공업 주식회사","2026회합1016",2026-02-25,"부산회생법원","",1,2026-05-03
"주식회사 다름플러스","2025회합121",2026-02-25,"서울회생법원","",2,2026-05-03
"아이씨피 주식회사","2025회합140",2026-02-25,"서울회생법원","제조업(기계,금속,중공업)",0,2026-05-03
"주식회사 디에이치대호건설","2025회합197",2026-02-25,"서울회생법원","",1,2026-05-03
"주식회사 스미스월드","2025간회합251",2026-02-25,"서울회생법원","",0,2026-05-03
"주식회사 세일","2025간회합229",2026-02-25,"서울회생법원","",18,2026-05-03
"북극곰 주식회사","2025간회합153",2026-02-25,"수원회생법원","",0,2026-05-03
"주식회사 원진알미늄","2025회합1078",2026-02-25,"전주지방법원","",0,2026-05-03
"의료법인 제영의료재단","2025회합1081",2026-02-24,"부산회생법원","",0,2026-05-03
"주식회사 팩슨","2025회합291",2026-02-24,"서울회생법원","",0,2026-05-03
"주식회사 원마운트","2026회합1030",2026-02-24,"서울회생법원","기타",9,2026-05-03
"주식회사 비투비코리아","2026회합1012",2026-02-24,"서울회생법원","",0,2026-05-03
"주식회사 지안씨엠씨","2026간회합5032",2026-02-24,"서울회생법원","",0,2026-05-03
"주식회사 블랙와인커피","2025간회합519",2026-02-24,"의정부지방법원","",0,2026-05-03
"주식회사 조은사람","2025회합1010",2026-02-24,"의정부지방법원","",2,2026-05-03
"주식회사 수현건설","2026간회합501",2026-02-24,"춘천지방법원","",0,2026-05-03
"어업회사법인 주식회사 해조식품","2025회합1006",2026-02-23,"의정부지방법원","",0,2026-05-03
"주식회사 넥스트씨앤디","2025회합10018",2026-02-23,"창원지방법원","",0,2026-05-03
"주식회사 가인","2025간회합1053",2026-02-20,"대구회생법원","",1,2026-05-03
"부강종합건설 주식회사","2025회합1037",2026-02-20,"부산회생법원","",0,2026-05-03
"주식회사 유니랜드","2026간회합5018",2026-02-20,"서울회생법원","",0,2026-05-03
"주식회사 트리니티시스템","2025간회합195",2026-02-20,"서울회생법원","",0,2026-05-03
"주식회사 페리시움","2026간회합5016",2026-02-20,"서울회생법원","",0,2026-05-03
"주식회사 대원스틸산업","2026간회합5026",2026-02-20,"서울회생법원","",1,2026-05-03
"주식회사 이솔푸드","2025간회합255",2026-02-20,"서울회생법원","",0,2026-05-03
"주식회사 창앤롤","2025간회합286",2026-02-20,"서울회생법원","",0,2026-05-03
"주식회사 랑케","2026간회합115",2026-02-20,"수원회생법원","",0,2026-05-03
"주식회사 나인팜스","2025회합1079",2026-02-20,"전주지방법원","",0,2026-05-03
"주식회사 호암엔지니어링","2025회합1075",2026-02-20,"전주지방법원","",0,2026-05-03
"농업회사법인 햇빛촌 주식회사","2025회합114",2026-02-19,"대구회생법원","",0,2026-05-03
"주식회사 경성에너지","2025회합1087",2026-02-19,"부산회생법원","",0,2026-05-03
"양산오토타운주식회사","2026회합100",2026-02-19,"울산지방법원","",0,2026-05-03
"주식회사 화남인터내셔날","2026회합1000",2026-02-19,"춘천지방법원","",0,2026-05-03
"농업회사법인 유한회사 드림팜","2025회합5028",2026-02-18,"대전회생법원","",0,2026-05-03
"주식회사 두베이커피팜농업회사법인","2025간회합5015",2026-02-13,"광주회생법원","",0,2026-05-03
"주식회사 위니아","2025회합5021",2026-02-13,"광주회생법원","제조업(전기전자)",19,2026-05-03
"주식회사 우리돝","2025간회합5016",2026-02-13,"광주회생법원","",0,2026-05-03
"주식회사 첸노","2025간회합1012",2026-02-13,"대전회생법원","",0,2026-05-03
"주식회사 금강기업","2025간회합1006",2026-02-13,"대전회생법원","",14,2026-05-03
"주식회사 미가디자인건축","2026회합1001",2026-02-13,"부산회생법원","",0,2026-05-03
"보승우드주식회사","2025간회합1038",2026-02-13,"부산회생법원","",0,2026-05-03
"주식회사 엠디알코리아","2025간회합1025",2026-02-13,"부산회생법원","",0,2026-05-03
"신우금속 주식회사","2025회합1034",2026-02-13,"부산회생법원","",0,2026-05-03
"주식회사 선일산업개발","2025회합348",2026-02-13,"서울회생법원","",0,2026-05-03
"주식회사 티알씨","2025회합315",2026-02-13,"서울회생법원","",0,2026-05-03
"주과장스포테리어 주식회사","2026간회합5014",2026-02-13,"서울회생법원","",0,2026-05-03
"주식회사 이앤에치헬스케어","2026간회합5021",2026-02-13,"서울회생법원","",0,2026-05-03
"주식회사 동성산업","2026간회합5025",2026-02-13,"서울회생법원","",1,2026-05-03
"대조건설 주식회사","2026간회합1001",2026-02-13,"인천지방법원","",3,2026-05-03
"주식회사 알엠에이","2025회합10005",2026-02-13,"창원지방법원","",0,2026-05-03
"농업회사법인 한백식품 주식회사","2026회합3001",2026-02-13,"청주지방법원","",0,2026-05-03
"의료법인 백운의료재단","2025회합5019",2026-02-12,"광주회생법원","",0,2026-05-03
"돌낭애원영농조합법인","2025간회합5022",2026-02-12,"광주회생법원","",0,2026-05-03
"농업회사법인 리치푸드시스템 주식회사","2025회합1091",2026-02-12,"부산회생법원","",0,2026-05-03
"주식회사 다한미디어","2026간회합5022",2026-02-12,"서울회생법원","",0,2026-05-03
"주식회사 알루미늄닷컴","2025간회합235",2026-02-12,"서울회생법원","",0,2026-05-03
"주식회사 그리디파머스","2025간회합262",2026-02-12,"서울회생법원","",0,2026-05-03
"주식회사 모그커뮤니케이션즈","2025간회합260",2026-02-12,"서울회생법원","",0,2026-05-03
"주식회사 영원산업개발","2025회합300",2026-02-12,"서울회생법원","",6,2026-05-03
"농업회사법인 주식회사 가나다라브루어리","2025간회합151",2026-02-12,"수원회생법원","",0,2026-05-03
"주식회사 협동이엔티","2026간회합113",2026-02-12,"수원회생법원","",0,2026-05-03
"주식회사 천일몰드","2026간회합108",2026-02-12,"수원회생법원","",0,2026-05-03
"주식회사 홈일렉코리아","2025회합141",2026-02-12,"수원회생법원","",0,2026-05-03
"주식회사 와이엠프로폴","2025회합3008",2026-02-12,"청주지방법원","",0,2026-05-03
"주식회사 문성","2025회합5017",2026-02-11,"광주회생법원","",0,2026-05-03
"주식회사 그린케미칼","2025간회합5029",2026-02-11,"광주회생법원","",1,2026-05-03
"의료법인 양경의료재단","2025회합1063",2026-02-11,"부산회생법원","",0,2026-05-03
"주식회사 용봉","2025회합244",2026-02-11,"서울회생법원","",0,2026-05-03
"주식회사 유탑디앤씨","2025회합303",2026-02-11,"서울회생법원","",1,2026-05-03
"주식회사 유탑건설","2025회합302",2026-02-11,"서울회생법원","",0,2026-05-03
"주식회사 카본텍","2025회합157",2026-02-11,"서울회생법원","",0,2026-05-03
"주식회사 이노토피아(Inno Topia Co., Ltd.)","2026간회합5006",2026-02-11,"서울회생법원","",0,2026-05-03
"주식회사 유탑엔지니어링","2025회합304",2026-02-11,"서울회생법원","",0,2026-05-03
"한양스터드용접 주식회사","2026간회합107",2026-02-11,"수원회생법원","",0,2026-05-03
"주식회사 토스","2026간회합117",2026-02-11,"수원회생법원","",12,2026-05-03
"주식회사 원호정공","2026간회합110",2026-02-11,"수원회생법원","",0,2026-05-03
"주영코퍼레이션 주식회사","2025간회합208",2026-02-11,"수원회생법원","",0,2026-05-03
"주식회사 엠이티","2026간회합111",2026-02-11,"수원회생법원","",0,2026-05-03
"주식회사 명성플랜트","2025회합166",2026-02-11,"수원회생법원","",1,2026-05-03
"주식회사 신진","2025간회합510",2026-02-11,"의정부지방법원","",15,2026-05-03
"주식회사 공간디자인","2025회합104",2026-02-11,"제주지방법원","",4,2026-05-03
"주식회사 아성정밀화학","2025회합3011",2026-02-11,"청주지방법원","",0,2026-05-03
"남북산업 주식회사","2025간회합5030",2026-02-10,"광주회생법원","",13,2026-05-03
"농업회사법인 주식회사 한도","2025회합100",2026-02-10,"대구회생법원","",5,2026-05-03
"농업회사법인 김재식헬스푸드 주식회사","2025회합103",2026-02-10,"대구회생법원","",0,2026-05-03
"주식회사 대저건설","2025회합1003",2026-02-10,"부산회생법원","",0,2026-05-03
"주식회사 해성외식","2026간회합5029",2026-02-10,"서울회생법원","",0,2026-05-03
"주식회사 엘에스폼웍","2025간회합193",2026-02-10,"서울회생법원","",0,2026-05-03
"주식회사 엠앤엠씨","2025간회합107",2026-02-10,"서울회생법원","",1,2026-05-03
"주식회사 감디자인","2025간회합224",2026-02-10,"서울회생법원","",0,2026-05-03
"우탑건설 주식회사","2025회합223",2026-02-10,"서울회생법원","",0,2026-05-03
"주식회사 홈세라","2026간회합5017",2026-02-10,"서울회생법원","",0,2026-05-03
"넥스트아일랜드 주식회사","2025회합216",2026-02-10,"수원회생법원","",0,2026-05-03
"주식회사 덕성기업","2025회합163",2026-02-10,"수원회생법원","",0,2026-05-03
"서진산업 주식회사","2025회합10001",2026-02-10,"창원지방법원","",3,2026-05-03
"농업회사법인 보문환경주식회사","2026간회합3000",2026-02-10,"청주지방법원","",0,2026-05-03
"주식회사 케이티앤에프","2025간회합1024",2026-02-09,"대구회생법원","",0,2026-05-03
"정상종합건설 주식회사","2025간회합1021",2026-02-09,"대구회생법원","",9,2026-05-03
"주식회사 반다이앤에스","2025간회합1039",2026-02-09,"대구회생법원","",0,2026-05-03
"주식회사 가람헤어테크","2025간회합272",2026-02-09,"서울회생법원","",0,2026-05-03
"서진프라산업 주식회사","2025간회합187",2026-02-09,"서울회생법원","",0,2026-05-03
"주식회사 나이스인포","2026간회합109",2026-02-09,"수원회생법원","",0,2026-05-03
"주식회사 휴먼소재","2025간회합509",2026-02-09,"의정부지방법원","",4,2026-05-03
"주식회사 도우패브릭","2025간회합514",2026-02-09,"의정부지방법원","",0,2026-05-03
"주식회사 성화기계","2025회합10014",2026-02-09,"창원지방법원","",0,2026-05-03
"주식회사 서린","2025회합101",2026-02-06,"대구회생법원","",4,2026-05-03
"주식회사 지원크레이티브","2025회합205",2026-02-06,"서울회생법원","",0,2026-05-03
"초록들코리아 주식회사","2025회합144",2026-02-05,"대구회생법원","",0,2026-05-03
"티앤피푸드 주식회사","2025회합5007",2026-02-05,"대전회생법원","",0,2026-05-03
"주식회사 알이랑푸드머스","2025간회합233",2026-02-05,"서울회생법원","",0,2026-05-03
"주식회사 덴티로드","2026간회합5010",2026-02-05,"서울회생법원","",0,2026-05-03
"의료법인능곡의료재단","2025회합231",2026-02-05,"수원회생법원","",0,2026-05-03
"주식회사 태연메디칼","2025간회합502",2026-02-05,"춘천지방법원","",0,2026-05-03
"비케이원 주식회사","2026회합1007",2026-02-04,"부산회생법원","",0,2026-05-03
"부경에너지 주식회사","2026회합1005",2026-02-04,"부산회생법원","",0,2026-05-03
"주식회사 서퍼스빌리지","2026간회합5009",2026-02-04,"서울회생법원","",0,2026-05-03
"주식회사 이에이티","2025간회합298",2026-02-04,"서울회생법원","",0,2026-05-03
"주식회사 조백산업","2025간회합238",2026-02-04,"서울회생법원","",0,2026-05-03
"오가닉브릿지 주식회사","2025간회합169",2026-02-04,"서울회생법원","",0,2026-05-03
"에스엠푸드 농업회사법인 주식회사","2025회합120",2026-02-04,"수원회생법원","",0,2026-05-03
"주식회사 클로버하우스","2025회합145",2026-02-04,"수원회생법원","",0,2026-05-03
"주식회사 제이엠시스템즈","2025간회합522",2026-02-04,"의정부지방법원","",0,2026-05-03
"세일기술 주식회사","2025회합1059",2026-02-03,"부산회생법원","",1,2026-05-03
"주식회사 플렉스디앤에이","2025간회합249",2026-02-03,"서울회생법원","",0,2026-05-03
"주식회사 우프컴퍼니","2025간회합167",2026-02-03,"서울회생법원","",0,2026-05-03
"주식회사 드림레저","2025간회합149",2026-02-03,"수원회생법원","",0,2026-05-03
"주식회사 푸드코닉","2025간회합144",2026-02-03,"수원회생법원","",0,2026-05-03
"에이치앤제이솔루션 주식회사","2026간회합104",2026-02-03,"수원회생법원","",0,2026-05-03
"주식회사 대한페이퍼","2025회합12",2026-02-03,"인천지방법원","",14,2026-05-03
"주식회사 에이치비세계로","2025회합5016",2026-02-02,"대전회생법원","",0,2026-05-03
"주식회사 가람상사","2026간회합5005",2026-02-02,"서울회생법원","",0,2026-05-03
"주식회사 참존","2025회합325",2026-02-02,"서울회생법원","",6,2026-05-03
"주식회사 개선스포츠","2025회합149",2026-02-02,"수원회생법원","",7,2026-05-03
"주식회사 케이더블유엠산업기술","2025회합127",2026-02-02,"수원회생법원","",0,2026-05-03
"주식회사 베이코","2025간회합520",2026-02-02,"의정부지방법원","",0,2026-05-03
"주식회사 동화산업가스","2025간회합506",2026-02-02,"춘천지방법원","",0,2026-05-03
"주식회사 원엔지니어링","2025회합5010",2026-01-30,"대전지방법원","",0,2026-05-03
"주식회사 삼정이앤시","2025회합1011",2026-01-30,"부산회생법원","",0,2026-05-03
"주식회사 경기색소","2025회합1042",2026-01-30,"부산회생법원","",0,2026-05-03
"주식회사 유주얼미디어","2025간회합242",2026-01-30,"서울회생법원","",0,2026-05-03
"화탑영농조합법인","2025간회합5010",2026-01-29,"광주지방법원","",0,2026-05-03
"주식회사 골드플레이트","2026회합1015",2026-01-29,"서울회생법원","",0,2026-05-03
"주식회사 에이스트","2025간회합157",2026-01-29,"수원회생법원","",0,2026-05-03
"주식회사 신화방재","2025회합351",2026-01-28,"서울회생법원","",0,2026-05-03
"주식회사 하이버","2025간회합247",2026-01-28,"서울회생법원","",0,2026-05-03
"주식회사 모나리자에스엠","2025회합235",2026-01-28,"서울회생법원","",3,2026-05-03
"주식회사 엠피아커뮤니케이션","2025간회합119",2026-01-28,"서울회생법원","",0,2026-05-03
"주식회사 상산기계","2025간회합1001",2026-01-27,"대구지방법원","",0,2026-05-03
"주식회사 한성브라보","2025회합115",2026-01-27,"대구지방법원","",0,2026-05-03
"주식회사 알통스포츠","2025회합1032",2026-01-27,"부산회생법원","",0,2026-05-03
"주식회사 부산철강","2025회합1067",2026-01-27,"부산회생법원","",7,2026-05-03
"주식회사 삼원정밀","2025회합1052",2026-01-27,"부산회생법원","",1,2026-05-03
"지성산업개발 주식회사","2025회합346",2026-01-27,"서울회생법원","",0,2026-05-03
"주식회사 아이피큐(IPQ Inc.)","2025회합352",2026-01-27,"서울회생법원","",0,2026-05-03
"주식회사 자이로시스템","2026간회합102",2026-01-27,"수원회생법원","",0,2026-05-03
"폼으로 주식회사","2025회합204",2026-01-27,"수원회생법원","",0,2026-05-03
"삼영이엔씨 주식회사","2025회합1094",2026-01-26,"부산회생법원","",3,2026-05-03
"주식회사 도연에프앤비","2025간회합501",2026-01-26,"춘천지방법원","",0,2026-05-03
"유한회사 화진산업","2025간회합5017",2026-01-23,"광주지방법원","",2,2026-05-03
"유한회사 푸드원","2025간회합5026",2026-01-23,"광주지방법원","",0,2026-05-03
"주식회사 백두써니텍","2025간회합5018",2026-01-23,"광주지방법원","",0,2026-05-03
"주식회사 프리모리","2025간회합1019",2026-01-23,"부산회생법원","",0,2026-05-03
"열두광주리영농조합법인","2025간회합202",2026-01-23,"서울회생법원","",0,2026-05-03
"주식회사 세진침대","2025회합262",2026-01-23,"서울회생법원","",0,2026-05-03
"주식회사 안강건설","2025회합130",2026-01-23,"서울회생법원","",0,2026-05-03
"주식회사 더팩","2026간회합106",2026-01-23,"수원회생법원","",2,2026-05-03
"주식회사 명진아이웨어","2025간회합1017",2026-01-21,"대구지방법원","",0,2026-05-03
"주식회사 루트17","2025회합5042",2026-01-21,"대전지방법원","",0,2026-05-03
"유카로오토모빌 주식회사","2025회합1029",2026-01-21,"부산회생법원","",0,2026-05-03
"주식회사 일송엔지니어링","2025회합107",2026-01-20,"대구지방법원","",0,2026-05-03
"에스티엑스마린서비스 주식회사","2026회합1009",2026-01-20,"부산회생법원","",0,2026-05-03
"주식회사 와이브루어리","2026간회합5013",2026-01-20,"서울회생법원","",0,2026-05-03
"건원종합개발 주식회사","2025회합295",2026-01-20,"서울회생법원","",0,2026-05-03
"주식회사 아이디어하이","2025간회합112",2026-01-20,"서울회생법원","",0,2026-05-03
"골드라인 주식회사","2025간회합213",2026-01-20,"서울회생법원","",1,2026-05-03
"주식회사 케이탑시스템","2025회합131",2026-01-20,"수원회생법원","",1,2026-05-03
"주식회사 한라에너지","2025회합108",2026-01-20,"제주지방법원","",3,2026-05-03
"주식회사 아트노바","2025회합105",2026-01-20,"제주지방법원","",0,2026-05-03
"주식회사 엠케이생명과학","2025회합3010",2026-01-20,"청주지방법원","",0,2026-05-03
"주식회사 태양에스씨알","2025회합1008",2026-01-19,"부산회생법원","",0,2026-05-03
"주식회사 삼아니트","2025간회합231",2026-01-19,"서울회생법원","",0,2026-05-03
"주식회사 까르멘","2026회합110",2026-01-19,"수원회생법원","",0,2026-05-03
"주식회사 프로솔","2025회합10028",2026-01-19,"창원지방법원","",0,2026-05-03
"주식회사 스켈업","2025간회합10010",2026-01-19,"창원지방법원","",0,2026-05-03
"주식회사 호연","2025회합1027",2026-01-16,"부산회생법원","",0,2026-05-03
"주식회사 삼영테크","2025회합1084",2026-01-16,"부산회생법원","",0,2026-05-03
"주식회사 키핑점핑","2025회합153",2026-01-16,"서울회생법원","",0,2026-05-03
"범양디앤씨 주식회사","2026회합102",2026-01-16,"수원회생법원","",0,2026-05-03
"와이제이산업 주식회사","2025회합10021",2026-01-16,"창원지방법원","",0,2026-05-03
"주식회사 또로록식품","2025간회합10004",2026-01-16,"창원지방법원","",0,2026-05-03
"제원화섬 주식회사","2025회합125",2026-01-15,"대구지방법원","",0,2026-05-03
"신원합섬 주식회사","2025회합124",2026-01-15,"대구지방법원","",0,2026-05-03
"주식회사성보수산","2025간회합126",2026-01-15,"수원회생법원","",0,2026-05-03
"주식회사 일신시스템","2025간회합1010",2026-01-14,"부산회생법원","",10,2026-05-03
"주식회사 성운알앤씨","2025회합1055",2026-01-14,"부산회생법원","",0,2026-05-03
"주식회사 비앤에프솔루션","2025간회합215",2026-01-14,"서울회생법원","",0,2026-05-03
"주식회사 미로","2025회합146",2026-01-14,"서울회생법원","",5,2026-05-03
"주식회사 아메바랩","2025회합234",2026-01-14,"서울회생법원","",0,2026-05-03
"명진화학 주식회사","2025간회합3004",2026-01-14,"청주지방법원","",0,2026-05-03
"주식회사 열혈청춘","2025간회합3009",2026-01-14,"청주지방법원","",0,2026-05-03
"효자농원영농조합법인","2025간회합3007",2026-01-14,"청주지방법원","",0,2026-05-03
"주식회사 미래팩토리","2025회합344",2026-01-13,"서울회생법원","",0,2026-05-03
"주식회사 소울사이트에이피","2025간회합300",2026-01-13,"서울회생법원","",0,2026-05-03
"주식회사 막스앤","2025간회합137",2026-01-13,"수원회생법원","",0,2026-05-03
"주식회사 대림파우다","2025간회합227",2026-01-13,"수원회생법원","",0,2026-05-03
"(주)지에스아이환경","2025간회합163",2026-01-13,"수원회생법원","",0,2026-05-03
"에이치산업 주식회사","2025회합5014",2026-01-12,"광주지방법원","",10,2026-05-03
"주식회사 비슬광고공사","2025간회합1018",2026-01-12,"대구지방법원","",0,2026-05-03
"주식회사 삼영물산","2025간회합1050",2026-01-12,"대구지방법원","",2,2026-05-03
"주식회사 포썬","2025간회합1051",2026-01-12,"대구지방법원","",0,2026-05-03
"의료법인 영진의료재단","2025회합1048",2026-01-12,"부산회생법원","",0,2026-05-03
"주식회사 에이딕","2025회합1002",2026-01-12,"부산회생법원","",0,2026-05-03
"주식회사 레이시오","2025간회합299",2026-01-12,"서울회생법원","",0,2026-05-03
"주식회사 제이투인터내셔날","2025간회합241",2026-01-09,"서울회생법원","",0,2026-05-03
"주식회사 쓰리빅스","2025간회합162",2026-01-09,"수원회생법원","",0,2026-05-03
"인성엔프라주식회사","2026회합1",2026-01-09,"인천지방법원","",0,2026-05-03
"유한회사 희경종합건설","2025간회합5013",2026-01-08,"광주지방법원","",0,2026-05-03
"휴먼스화공 주식회사","2025간회합1022",2026-01-08,"대전지방법원","",0,2026-05-03
"주식회사 산내들나르샤","2025간회합5028",2026-01-07,"광주지방법원","",0,2026-05-03
"주식회사 금강리앤텍","2025간회합1054",2026-01-07,"대구지방법원","",0,2026-05-03
"주식회사 엘에스이피에스","2025회합154",2026-01-07,"대구지방법원","",0,2026-05-03
"주식회사 명신정유","2025회합1070",2026-01-07,"부산회생법원","",0,2026-05-03
"주식회사 늘품종합개발","2025회합172",2026-01-07,"서울회생법원","",0,2026-05-03
"제이에스미라클 주식회사","2025회합173",2026-01-07,"서울회생법원","",0,2026-05-03
"프리미어모터스 주식회사","2025회합279",2026-01-06,"서울회생법원","",0,2026-05-03
"주식회사 유성에스티","2025회합1001",2026-01-06,"의정부지방법원","",2,2026-05-03
"영월한옥협동조합","2025간회합503",2026-01-06,"춘천지방법원","",0,2026-05-03
"주식회사 토니텍","2025간회합302",2026-01-05,"서울회생법원","",0,2026-05-03
"주식회사 아트텔링","2025간회합287",2026-01-05,"서울회생법원","",0,2026-05-03
"주식회사 바이앱스","2025간회합111",2026-01-02,"서울회생법원","",0,2026-05-03
"주식회사 퓨어랜드","2025회합339",2026-01-02,"서울회생법원","",0,2026-05-03
"주식회사 메타에이블","2025간회합288",2026-01-02,"서울회생법원","",0,2026-05-03
"앤드식스 주식회사(And6 Corp.)","2025간회합1004",2025-12-31,"대전지방법원","",0,2026-05-03
"주식회사 원선품질기술시험원","2025간회합291",2025-12-31,"서울회생법원","",0,2026-05-03
"주식회사 다이아몬드레이라","2025간회합139",2025-12-31,"서울회생법원","",0,2026-05-03
"주식회사 포에스텍","2025간회합301",2025-12-31,"서울회생법원","",0,2026-05-03
"주식회사 지케이글로벌","2025간회합525",2025-12-31,"의정부지방법원","",0,2026-05-03
"주식회사 근옥솔루션","2025간회합3008",2025-12-31,"청주지방법원","",0,2026-05-03
"주식회사 엔보이비젼","2025간회합1007",2025-12-30,"부산회생법원","",0,2026-05-03
"무궁화캐피탈 주식회사","2025회합332",2025-12-30,"서울회생법원","제조업(기계,금속,중공업)",1,2026-05-03
"주식회사 퀘이커즈","2025회합192",2025-12-30,"서울회생법원","",0,2026-05-03
"주식회사 이수씨엔피","2025회합324",2025-12-30,"서울회생법원","",0,2026-05-03
"휴먼중공업 주식회사","2025회합10010",2025-12-30,"창원지방법원","",0,2026-05-03
"주식회사 리얼비스튜디오","2025간회합524",2025-12-29,"의정부지방법원","",0,2026-05-03
"주식회사 세한메카트로닉스","2025간회합121",2025-12-24,"수원회생법원","",0,2026-05-03
"유한회사 도건엔지니어링","2025회합1077",2025-12-24,"전주지방법원","",0,2026-05-03
"청해통상 주식회사","2025간회합5024",2025-12-23,"광주지방법원","",0,2026-05-03
"주식회사 남경방재","2025간회합1015",2025-12-23,"대전지방법원","",0,2026-05-03
"주식회사 진앤현시큐리티","2025회합176",2025-12-23,"서울회생법원","",0,2026-05-03
"주식회사 코스틸","2025회합182",2025-12-23,"서울회생법원","",0,2026-05-03
"대우조선해양건설 주식회사","2025회합116",2025-12-23,"수원회생법원","건설,엔지니어링,설계",6,2026-05-03
"주식회사 꿈","2025회합5029",2025-12-22,"광주지방법원","",19,2026-05-03
"주식회사 쿼드","2025간회합203",2025-12-22,"서울회생법원","",0,2026-05-03
"주식회사 에이블유컴즈","2025간회합197",2025-12-22,"서울회생법원","",0,2026-05-03
"주식회사 제일건설","2025회합112",2025-12-22,"서울회생법원","",2,2026-05-03
"주식회사 은성스틸","2025간회합282",2025-12-22,"서울회생법원","",0,2026-05-03
"프라미스온 주식회사","2025간회합142",2025-12-22,"수원회생법원","",0,2026-05-03
"주식회사 케이툴","2025간회합128",2025-12-22,"수원회생법원","",0,2026-05-03
"주식회사 매경종합건설","2025간회합523",2025-12-22,"의정부지방법원","",0,2026-05-03
"주식회사 동성에너텍","2025회합10027",2025-12-22,"창원지방법원","",0,2026-05-03
"주식회사 은종산업","2025회합1033",2025-12-19,"부산회생법원","",0,2026-05-03
"대흥건설 주식회사","2025회합158",2025-12-19,"서울회생법원","",2,2026-05-03
"주식회사 에스티엑스(주식회사 STX)","2025회합347",2025-12-19,"서울회생법원","기타",4,2026-05-03
"애니텍 주식회사","2025간회합148",2025-12-19,"수원회생법원","",0,2026-05-03
"주식회사 에코시스템","2025회합5027",2025-12-18,"대전지방법원","",2,2026-05-03
"주식회사 에이엠커머스","2025회합177",2025-12-18,"서울회생법원","",0,2026-05-03
"주식회사 붐테크","2025간회합124",2025-12-18,"수원회생법원","",0,2026-05-03
"주식회사 매직공조시스템","2025간회합516",2025-12-18,"의정부지방법원","",0,2026-05-03
"주식회사 동아건설","2025회합341",2025-12-17,"서울회생법원","",12,2026-05-03
"주식회사 마주봄패키지","2025간회합204",2025-12-17,"서울회생법원","",0,2026-05-03
"주식회사 레츠건설산업","2025회합5009",2025-12-16,"대전지방법원","",0,2026-05-03
"주식회사 티제이라이팅","2025간회합173",2025-12-16,"서울회생법원","",0,2026-05-03
"주식회사 새재물산","2025간회합100",2025-12-16,"서울회생법원","",0,2026-05-03
"주식회사 진명연합전설","2025간회합281",2025-12-16,"서울회생법원","",0,2026-05-03
"주식회사 신밧드무역","2025간회합105",2025-12-16,"제주지방법원","",0,2026-05-03
"주식회사 태강쓰리디","2025간회합10001",2025-12-16,"창원지방법원","",0,2026-05-03
"주식회사 레인보우브레인","2025회합327",2025-12-15,"서울회생법원","",0,2026-05-03
"주식회사 대한이엔지","2025회합1031",2025-12-12,"부산회생법원","",7,2026-05-03
"주식회사 삼보이엔씨","2025간회합122",2025-12-12,"수원회생법원","",1,2026-05-03
"주식회사 평길해양","2025회합1044",2025-12-11,"부산회생법원","",0,2026-05-03
"주식회사 세운테크","2025회합1040",2025-12-11,"부산회생법원","",1,2026-05-03
"세진텔레시스 주식회사","2025회합287",2025-12-11,"서울회생법원","",0,2026-05-03
"주식회사 다니엘","2025간회합1052",2025-12-09,"대구지방법원","",5,2026-05-03
"부성기초개발 주식회사","2025간회합1030",2025-12-09,"부산회생법원","",0,2026-05-03
"주식회사 뷰티메디칼","2025간회합290",2025-12-09,"서울회생법원","",0,2026-05-03
"주식회사 동산테크","2025회합119",2025-12-09,"서울회생법원","",2,2026-05-03
"주식회사 티케이케이","2025간회합106",2025-12-09,"서울회생법원","",0,2026-05-03
"유한회사 광레이저","2025간회합5008",2025-12-08,"광주지방법원","",0,2026-05-03
"주식회사 신광테크","2025회합1021",2025-12-08,"부산회생법원","",0,2026-05-03
"주식회사 아트한글로벌홀딩스","2025간회합289",2025-12-08,"서울회생법원","",3,2026-05-03
"동양교통 주식회사","2025회합10012",2025-12-08,"창원지방법원","",2,2026-05-03
"케이스물류 주식회사","2025간회합10003",2025-12-08,"창원지방법원","",0,2026-05-03
"주식회사 대영씨엠에스","2025회합337",2025-12-05,"서울회생법원","",0,2026-05-03
"주식회사 정우계육","2025간회합114",2025-12-05,"수원회생법원","",0,2026-05-03
"한국신텍스제약 주식회사","2025회합1026",2025-12-05,"전주지방법원","",0,2026-05-03
"주식회사 보운","2025간회합103",2025-12-04,"서울회생법원","",0,2026-05-03
"제일여객자동차 주식회사","2025회합289",2025-12-04,"서울회생법원","",0,2026-05-03
"주식회사 마미버드","2025간회합115",2025-12-04,"서울회생법원","",0,2026-05-03
"(주)우일개발","2025간회합1000",2025-12-03,"대구지방법원","",2,2026-05-03
"주식회사 틴팩토리","2025간회합275",2025-12-03,"서울회생법원","",0,2026-05-03
"주식회사 아이엠무역","2025간회합285",2025-12-03,"서울회생법원","",1,2026-05-03
"주식회사 동화에너지","2025간회합1026",2025-12-02,"대전지방법원","",4,2026-05-03
"주식회사 케어마일","2025회합328",2025-12-02,"서울회생법원","",0,2026-05-03
"주식회사 퀸즈아로마","2025회합336",2025-12-02,"서울회생법원","",0,2026-05-03
"주식회사 로엠그룹","2025간회합284",2025-12-02,"서울회생법원","",0,2026-05-03
"주식회사 시드메탈","2025간회합161",2025-12-01,"수원회생법원","",0,2026-05-03
"주식회사 에이치앤에이치메가나인","2025간회합131",2025-12-01,"수원회생법원","",0,2026-05-03
"아이엔건설 주식회사","2025간회합125",2025-12-01,"수원회생법원","",0,2026-05-03